DISTRITO,tmin_mean_total
CAPAZO,-5.191071134000211
SUSAPAYA,-5.157803344726562
TARATA,-4.995735876900809
SANTA ROSA,-4.86188007701527
TICACO,-4.41739467274059
SAN ANTONIO DE CHUCA,-4.390305680495042
CANDARAVE,-4.359306534476902
CONDOROMA,-4.1229465060763895
PARATIA,-4.094574913611779
CARUMAS,-3.411974711357793
SAN JUAN DE TARUCANI,-3.343182144165039
TUTI,-3.25811903817313
PISACOMA,-3.2487246889056585
AJOYANI,-3.141027245154748
SANTA LUCIA,-3.0639498675311048
