DISTRITO,tmin_mean_total
MORONA,23.00898028325768
YAGUAS,23.00502794989224
RAMON CASTILLA,22.972546548045152
SAN PABLO,22.934505008627305
PASTAZA,22.919819599873314
PEBAS,22.87897277333106
LAS AMAZONAS,22.814834299395162
IQUITOS,22.780908203125
PUTUMAYO,22.77923931782472
INDIANA,22.761414683948864
YAVARI,22.747570878864604
LAGUNAS,22.745656738281248
PUNCHANA,22.717701577240565
NAUTA,22.706025523190043
URARINAS,22.69943167892157
